{
    "RPT": {
        "ScanTime": "1.717 sec.",
        "ScanFile": "20210331_mharif_0c3bc3b4151f87a14464_20210331054603_scan.json",
        "ScanCreated": "2021-03-31 05:46:06",
        "ScanPath": "\/home\/thehunte\/public_html\/wp-content\/backups-dup-pro\/tmp\/20210331_mharif_0c3bc3b4151f87a14464_20210331054603_scan.json"
    },
    "SRV": {
        "Brand": {
            "LogoAttachmentExists": false,
            "LogoCount": 0,
            "LogoFinded": 0,
            "LogoImageExists": true,
            "LogoImages": [],
            "Name": "Default",
            "Notes": "The default content used when a brand is not defined"
        },
        "HOST": [],
        "PHP": {
            "websrv": true,
            "openbase": true,
            "maxtime": true,
            "openssl": true,
            "mysqli": true,
            "allowurlfopen": true,
            "curlavailable": true,
            "version": true,
            "ALL": "Good"
        },
        "WP": {
            "version": true,
            "core": true,
            "ismu": false,
            "ismuplus": true,
            "ALL": "Good"
        }
    },
    "ARC": {
        "Size": "132.94MB",
        "DirCount": "1,148",
        "FileCount": "5,649",
        "FullCount": "6,797",
        "USize": 139398060,
        "UDirCount": 1148,
        "UFileCount": 5649,
        "UFullCount": 6797,
        "WarnFileCount": 0,
        "WarnDirCount": 0,
        "UnreadableDirCount": 0,
        "UnreadableFileCount": 0,
        "FilterDirsAll": [
            "\/home\/thehunte\/public_html\/.opcache",
            "\/home\/thehunte\/public_html\/wp-content\/ai1wm-backups",
            "\/home\/thehunte\/public_html\/wp-content\/backups-dup-pro",
            "\/home\/thehunte\/public_html\/wp-content\/backupwordpress",
            "\/home\/thehunte\/public_html\/wp-content\/cache",
            "\/home\/thehunte\/public_html\/wp-content\/content\/cache",
            "\/home\/thehunte\/public_html\/wp-content\/contents\/cache",
            "\/home\/thehunte\/public_html\/wp-content\/infinitewp\/backups",
            "\/home\/thehunte\/public_html\/wp-content\/managewp\/backups",
            "\/home\/thehunte\/public_html\/wp-content\/old-cache",
            "\/home\/thehunte\/public_html\/wp-content\/plugins\/all-in-one-wp-migration\/storage",
            "\/home\/thehunte\/public_html\/wp-content\/plugins\/really-simple-captcha\/tmp",
            "\/home\/thehunte\/public_html\/wp-content\/plugins\/wordfence\/tmp",
            "\/home\/thehunte\/public_html\/wp-content\/updraft",
            "\/home\/thehunte\/public_html\/wp-content\/uploads\/aiowps_backups",
            "\/home\/thehunte\/public_html\/wp-content\/uploads\/backup-guard",
            "\/home\/thehunte\/public_html\/wp-content\/uploads\/backupbuddy_backups",
            "\/home\/thehunte\/public_html\/wp-content\/uploads\/backupbuddy_temp",
            "\/home\/thehunte\/public_html\/wp-content\/uploads\/ithemes-security\/backups",
            "\/home\/thehunte\/public_html\/wp-content\/uploads\/mainwp\/backup",
            "\/home\/thehunte\/public_html\/wp-content\/uploads\/pb_backupbuddy",
            "\/home\/thehunte\/public_html\/wp-content\/uploads\/snapshots",
            "\/home\/thehunte\/public_html\/wp-content\/uploads\/sucuri",
            "\/home\/thehunte\/public_html\/wp-content\/uploads\/wp-clone",
            "\/home\/thehunte\/public_html\/wp-content\/uploads\/wp_all_backup",
            "\/home\/thehunte\/public_html\/wp-content\/uploads\/wpbackitup_backups",
            "\/home\/thehunte\/public_html\/wp-content\/wfcache",
            "\/home\/thehunte\/public_html\/wp-content\/wishlist-backup",
            "\/home\/thehunte\/public_html\/wp-snapshots"
        ],
        "FilterFilesAll": [
            ".DS_Store",
            "\/home\/thehunte\/public_html\/.htaccess",
            "\/home\/thehunte\/public_html\/wp-config.php",
            "dbcache",
            "debug_log",
            "error.log",
            "error_log",
            "objectcache",
            "pgcache",
            "ws_ftp.log"
        ],
        "FilterExtsAll": [],
        "Status": {
            "Size": "Good",
            "Names": "Good",
            "Big": "Good",
            "AddonSites": "Good",
            "UnreadableItems": "Good"
        },
        "RecursiveLinks": [],
        "UnreadableItems": []
    },
    "DB": {
        "Status": {
            "Success": true,
            "Size": "Good",
            "Rows": "Good"
        },
        "Size": "10.8MB",
        "Rows": "1,480",
        "TableCount": 19,
        "TableList": {
            "wpq7_actionscheduler_actions": {
                "Case": 0,
                "Rows": "24",
                "Size": "128KB",
                "USize": 131072
            },
            "wpq7_actionscheduler_claims": {
                "Case": 0,
                "Rows": "0",
                "Size": "32KB",
                "USize": 32768
            },
            "wpq7_actionscheduler_groups": {
                "Case": 0,
                "Rows": "0",
                "Size": "32KB",
                "USize": 32768
            },
            "wpq7_actionscheduler_logs": {
                "Case": 0,
                "Rows": "58",
                "Size": "48KB",
                "USize": 49152
            },
            "wpq7_commentmeta": {
                "Case": 0,
                "Rows": "0",
                "Size": "48KB",
                "USize": 49152
            },
            "wpq7_comments": {
                "Case": 0,
                "Rows": "0",
                "Size": "96KB",
                "USize": 98304
            },
            "wpq7_duplicator_pro_entities": {
                "Case": 0,
                "Rows": "5",
                "Size": "32KB",
                "USize": 32768
            },
            "wpq7_duplicator_pro_packages": {
                "Case": 0,
                "Rows": "0",
                "Size": "32KB",
                "USize": 32768
            },
            "wpq7_links": {
                "Case": 0,
                "Rows": "0",
                "Size": "32KB",
                "USize": 32768
            },
            "wpq7_options": {
                "Case": 0,
                "Rows": "264",
                "Size": "5.25MB",
                "USize": 5505024
            },
            "wpq7_postmeta": {
                "Case": 0,
                "Rows": "950",
                "Size": "4.28MB",
                "USize": 4489216
            },
            "wpq7_posts": {
                "Case": 0,
                "Rows": "135",
                "Size": "512KB",
                "USize": 524288
            },
            "wpq7_term_relationships": {
                "Case": 0,
                "Rows": "8",
                "Size": "32KB",
                "USize": 32768
            },
            "wpq7_term_taxonomy": {
                "Case": 0,
                "Rows": "3",
                "Size": "48KB",
                "USize": 49152
            },
            "wpq7_termmeta": {
                "Case": 0,
                "Rows": "2",
                "Size": "48KB",
                "USize": 49152
            },
            "wpq7_terms": {
                "Case": 0,
                "Rows": "3",
                "Size": "48KB",
                "USize": 49152
            },
            "wpq7_usermeta": {
                "Case": 0,
                "Rows": "21",
                "Size": "48KB",
                "USize": 49152
            },
            "wpq7_users": {
                "Case": 0,
                "Rows": "0",
                "Size": "64KB",
                "USize": 65536
            },
            "wpq7_wpforms_tasks_meta": {
                "Case": 0,
                "Rows": "7",
                "Size": "16KB",
                "USize": 16384
            }
        }
    },
    "Status": 1
}